{"initial_solution": 0.004559547989629209, "model_update": 12702.37320695899, "lp_solve": 6017.6655325205065}