{"initial_solution": 0.00428624905180186, "model_update": 3341.0391637955327, "lp_solve": 797.7105732315686}