{"initial_solution": 0.004683463019318879, "model_update": 2714.834400424268, "lp_solve": 1942.976838489296}