{"initial_solution": 0.003087666933424771, "model_update": 9669.055679802317, "lp_solve": 5253.499754058197}