LABELS;S_1;S_2;S_0;S_3;S_4;C_2;C_1;C_0;C_4;C_3
JOB ID;1;2;0;3;4;2;1;0;4;3
EVENT TYPE;0;0;0;0;0;1;1;1;1;1
TIME;0.22;0.669999999999999;0.98;1.01;1.21;1.7076599634369276;1.8858456486042685;2.60187613183629;2.6179930495221533;2.781653543307086
RESOURCE JOB 0;0.0;0.0;0.8282999999999987;5.5219999999999985;13.740391590493573;4.919706767470309;19.769601642036122;0.0;0.0;0.0
RESOURCE JOB 1;21.923999999999953;15.103200000000044;1.4616000000000042;9.744;24.245993418647117;8.681206581352878;0.0;0.0;0.0;0.0
RESOURCE JOB 2;0.0;8.478500000000025;0.8205000000000098;5.469999999999999;13.610999999999965;0.0;0.0;0.0;0.0;0.0
RESOURCE JOB 3;0.0;0.0;0.0;4.8260000000000005;12.008534917733066;4.2996205830879575;17.27781556038868;0.38890122375987346;3.9491277150304214;0.0
RESOURCE JOB 4;0.0;0.0;0.0;0.0;28.64033089579526;10.25458618138046;41.20755431000286;0.9275286128214191;0.0;0.0
