{"initial_solution": 0.001599011942744255, "model_update": 11085.214312629774, "lp_solve": 3279.225862838328}