{"initial_solution": 0.0004226919263601303, "model_update": 1585.6258335635066, "lp_solve": 563.5388796310872}