{"initial_solution": 0.002747328020632267, "model_update": 977.2659821112757, "lp_solve": 455.39182718552183}