{"initial_solution": 0.0009835492819547653, "model_update": 595.3099177591503, "lp_solve": 175.34982626885176}