{"initial_solution": 0.0011630263179540634, "model_update": 5861.012842385098, "lp_solve": 1846.9297588262707}