{"initial_solution": 0.00041109882295131683, "model_update": 1648.2245476059616, "lp_solve": 589.8913830853999}