{"initial_solution": 0.0004328172653913498, "model_update": 1423.2917269784957, "lp_solve": 509.7565911114216}