{"initial_solution": 0.002176574955228716, "model_update": 5513.429938388581, "lp_solve": 1857.1868894001236}