{"initial_solution": 0.00045669637620449066, "model_update": 480.1620258875191, "lp_solve": 172.34104667790234}