{"initial_solution": 0.0021003130823373795, "model_update": 9638.777999045327, "lp_solve": 2920.270713692531}