{"initial_solution": 0.0014240462332963943, "model_update": 7845.515130983666, "lp_solve": 2180.8834524769336}