{"initial_solution": 0.0015193931758403778, "model_update": 2960.9247450493276, "lp_solve": 914.0877874717116}