{"initial_solution": 0.0038899920182302594, "model_update": 12935.220031610806, "lp_solve": 4517.976069011493}