{"initial_solution": 0.001368669793009758, "model_update": 2260.7438296247274, "lp_solve": 696.0958358775824}