{"initial_solution": 0.0006919782608747482, "model_update": 5288.084778871387, "lp_solve": 1483.878764955327}