{"initial_solution": 0.0008080732077360153, "model_update": 3905.673253439367, "lp_solve": 1048.1421342082322}