{"initial_solution": 0.001100488007068634, "model_update": 1897.3811970725656, "lp_solve": 581.3454425558448}