{"initial_solution": 0.000695960596203804, "model_update": 362.37924541532993, "lp_solve": 114.2166761662811}