{"initial_solution": 0.0007666479796171188, "model_update": 4830.698161035776, "lp_solve": 1357.8389181736857}