{"initial_solution": 0.0016800649464130402, "model_update": 5903.08248273842, "lp_solve": 1652.4056161064655}