{"initial_solution": 0.0013264268636703491, "model_update": 14373.84648492001, "lp_solve": 4451.392297072336}