{"initial_solution": 0.0004255436360836029, "model_update": 743.4129506535828, "lp_solve": 267.5765813458711}