{"initial_solution": 0.000651853159070015, "model_update": 4246.3639300670475, "lp_solve": 1170.616237912327}