{"initial_solution": 0.0029072898905724287, "model_update": 10065.70204518421, "lp_solve": 2708.67183076893}