{"initial_solution": 0.001431914046406746, "model_update": 2941.735564623028, "lp_solve": 792.2107915356755}