{"initial_solution": 0.0018965440103784204, "model_update": 4226.458340945363, "lp_solve": 1975.2774990344187}