{"initial_solution": 0.00255163898691535, "model_update": 1361.8770717426087, "lp_solve": 566.9180625350564}