{"initial_solution": 0.000750591978430748, "model_update": 4619.024035897106, "lp_solve": 1292.853304002434}