{"initial_solution": 0.0007318854331970215, "model_update": 1785.6178679224104, "lp_solve": 494.6851061731577}