{"initial_solution": 0.0025627959985285997, "model_update": 3807.406365666655, "lp_solve": 1336.8951442000107}