{"initial_solution": 0.002086685039103031, "model_update": 3314.9059800762334, "lp_solve": 1557.3448445973918}