{"initial_solution": 0.0009618625044822693, "model_update": 2398.5468114688993, "lp_solve": 655.8780009187758}