{"initial_solution": 0.000421769917011261, "model_update": 1126.3490675985813, "lp_solve": 409.86542586423457}