{"initial_solution": 0.0031407440546900034, "model_update": 7394.736873876187, "lp_solve": 1516.8941326369531}