{"initial_solution": 0.0011714305728673935, "model_update": 2733.553062982857, "lp_solve": 829.5899679083377}