LABELS;S_3;S_2;S_1;S_4;S_0;C_3;C_0;C_2;C_1;C_4
JOB ID;3;2;1;4;0;3;0;2;1;4
EVENT TYPE;0;0;0;0;0;1;1;1;1;1
TIME;0.25;0.62;0.81;1.47;1.69;2.018213268213268;2.8946366473473004;4.080809652162756;4.157517730496452;5.075757196495618
RESOURCE JOB 0;0.0;0.0;0.0;0.0;7.361823606023645;19.658176393976355;0.0;0.0;0.0;0.0
RESOURCE JOB 1;0.0;0.0;2.7918;0.9306000000000001;1.3883421245421292;3.7072708937369576;5.017511810369379;0.3244751713515335;0.0;0.0
RESOURCE JOB 2;0.0;3.5244999999999997;12.242999999999999;4.0809999999999995;5.32033707773698;16.257653682936308;22.003509239326704;0.0;0.0;0.0
RESOURCE JOB 3;18.1818;9.336600000000004;32.432399999999994;10.8108;16.128400000000003;0.0;0.0;0.0;0.0;0.0
RESOURCE JOB 4;0.0;0.0;0.0;1.7577999999999996;2.6224240130240197;7.002622799280921;9.47752230847549;0.6128975458862342;7.336733333333335;0.0
