LABELS;S_1;S_4;S_2;C_1;S_3;S_0;C_3;C_4;C_2;C_0
JOB ID;1;4;2;1;3;0;3;4;2;0
EVENT TYPE;0;0;0;1;0;0;1;1;1;1
TIME;0.5;1.5472814207774044;2.53;2.989999999983482;2.9900000000001596;4.17;4.796848112379278;4.8610980776089665;5.9741065274355485;6.106526946107781
RESOURCE JOB 0;0.0;0.0;0.0;0.0;0.0;5.234181738366985;0.5364872096678965;9.293620556051962;1.1057104959131436;0.0
RESOURCE JOB 1;52.36407103887022;34.74892896135624;7.56699999977355;0.0;0.0;0.0;0.0;0.0;0.0;0.0
RESOURCE JOB 2;0.0;0.0;8.698599999687652;3.1538149869447807e-10;22.313799999996974;11.66564337128596;1.2149668424934106;21.04698978622062;0.0;0.0
RESOURCE JOB 3;0.0;-4.528093899842782e-11;-4.528093899842782e-11;0.0;13.440199999998185;7.139800000092372;0.0;0.0;0.0;0.0
RESOURCE JOB 4;0.0;14.386999999818798;6.734399999758175;2.4416380028924323e-10;17.275199999997657;7.302780509218593;0.9406194909626144;0.0;0.0;0.0
