{"initial_solution": 0.0010958649218082428, "model_update": 7137.266049671918, "lp_solve": 2258.9295605365187}