LABELS;S_1;C_1;S_3;S_0;S_4;C_3;S_2;C_2;C_0;C_4
JOB ID;1;1;3;0;4;3;2;2;0;4
EVENT TYPE;0;1;0;0;0;1;0;1;1;1
TIME;0.0;1.5306;1.56;2.28;2.91;4.163544303797476;4.163544303797477;5.406582278481022;5.461388012618293;6.619929632525407
RESOURCE JOB 0;0.0;0.0;0.0;15.976800000000011;31.789883544304075;0.0;31.523443037974687;1.3898734177212333;0.0;0.0
RESOURCE JOB 1;76.53;0.0;0.0;0.0;0.0;0.0;0.0;0.0;0.0;0.0
RESOURCE JOB 2;0.0;0.0;0.0;0.0;0.0;0.0;14.73;0.0;0.0;0.0
RESOURCE JOB 3;0.0;0.0;14.925599999999996;13.059900000000006;14.854500000000002;0.0;0.0;0.0;0.0;0.0
RESOURCE JOB 4;0.0;0.0;0.0;0.0;16.032831645569757;0.0;15.89845569620254;0.7009653396157063;14.817747318611978;0.0
