{"initial_solution": 0.001747630536556244, "model_update": 10251.690133057535, "lp_solve": 3078.451324244961}