{"initial_solution": 0.00042129121720790863, "model_update": 415.6872712150216, "lp_solve": 148.53245926834643}