{"initial_solution": 0.002110494999215007, "model_update": 2575.407258940104, "lp_solve": 1065.8479666759376}