{"initial_solution": 0.001654038205742836, "model_update": 6902.72446767427, "lp_solve": 2186.9623766038567}