{"initial_solution": 0.0013767220079898834, "model_update": 6749.797830678523, "lp_solve": 1821.2486029621214}