{"initial_solution": 0.0003714170306921005, "model_update": 1178.8892371952534, "lp_solve": 429.7465900089592}