LABELS;S_3;S_2;C_3;S_0;C_2;S_4;C_4;C_0;S_1;C_1
JOB ID;3;2;3;0;2;4;4;0;1;1
EVENT TYPE;0;0;1;0;1;0;1;1;0;1
TIME;0.0;2.4764;2.4764;3.92;5.5615742605516765;6.34;9.163529411764706;9.5;9.5;11.9624
RESOURCE JOB 0;0.0;0.0;0.0;3.0262885137919184;8.438135015619828;23.54823529411766;3.64734117647059;0.0;0.0;0.0
RESOURCE JOB 1;0.0;0.0;0.0;0.0;0.0;0.0;0.0;61.56;0.0;0.0
RESOURCE JOB 2;0.0;33.736931999999996;0.0;38.013068000000004;0.0;0.0;0.0;0.0;0.0;0.0
RESOURCE JOB 3;61.91;0.0;0.0;0.0;0.0;0.0;0.0;0.0;0.0;0.0
RESOURCE JOB 4;0.0;0.0;0.0;0.0;0.0;47.04;0.0;0.0;0.0;0.0
