{"initial_solution": 0.0006440933793783188, "model_update": 801.3695103321224, "lp_solve": 237.83064047433436}