{"initial_solution": 0.0008555836975574493, "model_update": 2856.3739728964865, "lp_solve": 762.2897654250264}