{"initial_solution": 0.00046285614371299744, "model_update": 478.9158334378153, "lp_solve": 171.87543503940105}