{"initial_solution": 0.0013841353356838226, "model_update": 1231.3134889937937, "lp_solve": 437.08330434188247}