LABELS;S_4;S_0;C_4;S_1;S_2;S_3;C_0;C_1;C_3;C_2
JOB ID;4;0;4;1;2;3;0;1;3;2
EVENT TYPE;0;0;1;0;0;0;1;1;1;1
TIME;0.30999999999999917;0.64;1.807555865921787;1.87;2.2400000000000007;2.29;3.2076355505869194;3.9934735413839895;4.271281258780556;4.390589868147121
RESOURCE JOB 0;0.0;41.77514888268151;2.2342511173184647;13.23860000000002;1.788999999999973;32.833000000000034;0.0;0.0;0.0;0.0
RESOURCE JOB 1;0.0;0.0;0.0;2.7269000000000028;0.3684999999999974;6.762974007825594;5.791625992174406;0.0;0.0;0.0
RESOURCE JOB 2;0.0;0.0;0.0;0.0;1.440999999999974;26.446256567915015;22.647850894771572;8.006418415369057;3.438474121944381;0.0
RESOURCE JOB 3;0.0;0.0;0.0;0.0;0.0;25.721324482951324;50.144322192761;19.77435332428768;0.0;0.0
RESOURCE JOB 4;18.902400000000057;66.87759999999994;0.0;0.0;0.0;0.0;0.0;0.0;0.0;0.0
