{"initial_solution": 0.0007679834961891174, "model_update": 5467.959974946454, "lp_solve": 1538.0073339808732}