{"initial_solution": 0.0015774425119161606, "model_update": 12073.511849204078, "lp_solve": 3624.0003501698375}