LABELS;S_0;S_3;S_4;S_2;S_1;C_4;C_0;C_2;C_3;C_1
JOB ID;0;3;4;2;1;4;0;2;3;1
EVENT TYPE;0;0;0;0;0;1;1;1;1;1
TIME;0.0;0.03;0.15;0.6400000000000005;0.78;1.5122441677400886;1.5889954676279232;1.7874346373107928;2.3409810981098107;2.5972645739910307
RESOURCE JOB 0;1.1799;4.7196;19.271700000000017;5.506199999999982;28.703971375411477;3.01862862458853;0.0;0.0;0.0;0.0
RESOURCE JOB 1;0.0;0.0;0.0;0.0;13.063235952483197;1.3692431899989685;3.5401547871423915;9.87526886065448;4.572097209720965;0.0
RESOURCE JOB 2;0.0;0.0;0.0;7.121799999999972;37.24926081293831;3.9043386252941445;10.094600561767571;0.0;0.0;0.0
RESOURCE JOB 3;0.0;2.6664;10.88780000000001;3.1107999999999993;16.270465407184766;1.7054138835076813;4.4093183503533595;12.299802358954175;0.0;0.0
RESOURCE JOB 4;0.0;0.0;34.236300000000035;9.781800000000004;51.161899999999974;0.0;0.0;0.0;0.0;0.0
