{"initial_solution": 0.001989379001315683, "model_update": 2915.2155188577017, "lp_solve": 1140.3257703153067}