{"initial_solution": 0.0004053972661495209, "model_update": 359.586193067953, "lp_solve": 125.60124842263758}