{"initial_solution": 0.0008309930562973022, "model_update": 6083.524243937805, "lp_solve": 1714.0292187258601}