LABELS;S_4;S_2;S_1;C_1;C_2;S_0;C_4;S_3;C_3;C_0
JOB ID;4;2;1;1;2;0;4;3;3;0
EVENT TYPE;0;0;0;1;1;0;1;0;1;1
TIME;0.0;0.47;1.1400000000000003;2.1939083557951484;3.87871613663133;4.074800000000001;4.074800000000001;6.519999999999995;8.490438328236488;8.562000000000005
RESOURCE JOB 0;0.0;0.0;0.0;0.0;0.0;61.12999999999988;0.0;29.930958205912223;1.7890417940878933;0.0
RESOURCE JOB 1;0.0;0.0;11.73;0.0;0.0;0.0;0.0;0.0;0.0;0.0
RESOURCE JOB 2;0.0;5.6883000000000035;8.947681940700807;14.304018059299192;0.0;0.0;0.0;0.0;0.0;0.0
RESOURCE JOB 3;0.0;0.0;0.0;0.0;0.0;0.0;0.0;19.33;0.0;0.0
RESOURCE JOB 4;11.75;11.061700000000004;5.670026954177896;27.816176461605355;4.902096584216746;0.0;0.0;0.0;0.0;0.0
