{"initial_solution": 0.005580201046541333, "model_update": 7691.958832065575, "lp_solve": 4899.931703332812}