{"initial_solution": 0.0013233274221420288, "model_update": 13560.431392362341, "lp_solve": 4139.661094402894}