{"initial_solution": 0.000444851815700531, "model_update": 592.7882173024118, "lp_solve": 211.36478384956717}