{"initial_solution": 0.0010265950113534927, "model_update": 1288.9634013101459, "lp_solve": 378.0574753601104}