{"initial_solution": 0.0008195582777261734, "model_update": 5038.623343748972, "lp_solve": 1417.49310525693}