{"initial_solution": 0.0004432983696460724, "model_update": 478.7537999674678, "lp_solve": 171.8266348298639}