{"initial_solution": 0.004394648014567792, "model_update": 7674.10827889049, "lp_solve": 3506.6521860068897}