{"initial_solution": 0.0029812880093231797, "model_update": 9969.51200159255, "lp_solve": 3969.3269610014977}