{"initial_solution": 0.00042915716767311096, "model_update": 590.8490460086614, "lp_solve": 210.6515993513167}