{"initial_solution": 0.0005814768373966217, "model_update": 1511.1856631245464, "lp_solve": 539.4556078352034}