{"initial_solution": 0.0024066101759672165, "model_update": 3333.233118891716, "lp_solve": 1033.3926371186972}