{"initial_solution": 0.0003680475056171417, "model_update": 841.7480667494237, "lp_solve": 304.97970639169216}