{"initial_solution": 0.004278874956071377, "model_update": 16280.714599824278, "lp_solve": 8646.50814717228}