{"initial_solution": 0.0030994690023362637, "model_update": 8869.428879695479, "lp_solve": 4045.1481387696695}