{"initial_solution": 0.0013078581541776657, "model_update": 4680.738365653902, "lp_solve": 1223.8987555205822}