{"initial_solution": 0.00041127949953079224, "model_update": 1711.0661282185465, "lp_solve": 615.4690817929804}