{"initial_solution": 0.0038001089124009013, "model_update": 4224.950906448998, "lp_solve": 969.0835922844708}