{"initial_solution": 0.0033234369475394487, "model_update": 15532.284721771954, "lp_solve": 9426.044112119009}