{"initial_solution": 0.0015937034040689468, "model_update": 390.33114007115364, "lp_solve": 123.6595200356096}