LABELS;S_4;S_2;C_4;S_3;S_0;C_2;C_3;S_1;C_0;C_1
JOB ID;4;2;4;3;0;2;3;1;0;1
EVENT TYPE;0;0;1;0;0;1;1;0;1;1
TIME;0.0;2.5300000000000002;3.5436337625178824;4.81;6.668707692307692;6.668707692307692;7.85;8.11;10.32341942728804;12.344840000000001
RESOURCE JOB 0;0.0;0.0;0.0;0.0;0.0;7.678399999999982;4.630599999999987;39.42100000000003;0.0;0.0
RESOURCE JOB 1;0.0;0.0;0.0;0.0;0.0;0.0;0.0;15.91448568220099;50.53551431779901;0.0
RESOURCE JOB 2;0.0;12.700831044349066;15.867568955650931;14.071600000000004;0.0;0.0;0.0;0.0;0.0;0.0
RESOURCE JOB 3;0.0;0.0;0.0;32.3960923076923;0.0;21.8539076923077;0.0;0.0;0.0;0.0
RESOURCE JOB 4;17.684700000000003;7.085299999999997;0.0;0.0;0.0;0.0;0.0;0.0;0.0;0.0
