{"initial_solution": 0.0004063602536916733, "model_update": 388.7249285541475, "lp_solve": 137.44627684541047}