{"initial_solution": 0.0017765240045264363, "model_update": 976.9904078391264, "lp_solve": 338.4075309308246}