{"initial_solution": 0.002031210984569043, "model_update": 1616.526440876245, "lp_solve": 645.0899492942262}