{"initial_solution": 0.0037045219214633107, "model_update": 4135.2198117078515, "lp_solve": 1795.0921581907896}