{"initial_solution": 0.002165466547012329, "model_update": 4376.279741233215, "lp_solve": 1407.2667224369943}