{"initial_solution": 0.0014964379370212555, "model_update": 5664.815928764641, "lp_solve": 1838.8556430470198}