{"initial_solution": 0.0008672643452882767, "model_update": 3097.2345405742526, "lp_solve": 815.6600548997521}