{"initial_solution": 0.000403817743062973, "model_update": 979.3405054342002, "lp_solve": 356.60648275353014}