{"initial_solution": 0.004735306021757424, "model_update": 1400.6698958710767, "lp_solve": 513.1895175031386}