{"initial_solution": 0.0021817779634147882, "model_update": 2656.248388796579, "lp_solve": 938.3995823886362}