LABELS;S_3;S_1;S_0;C_1;S_4;S_2;C_3;C_0;C_2;C_4
JOB ID;3;1;0;1;4;2;3;0;2;4
EVENT TYPE;0;0;0;1;0;0;1;1;1;1
TIME;0.0;0.53;1.07;1.7199545544358823;1.83;1.95;2.0095488183337307;2.776730205095668;3.225953273087942;3.529005120714973
RESOURCE JOB 0;0.0;0.0;4.874659158269116;5.235962299940724;5.709599999999995;0.446616137502982;34.523162404287184;0.0;0.0;0.0
RESOURCE JOB 1;0.0;27.415800000000004;32.8942;0.0;0.0;0.0;0.0;0.0;0.0;0.0
RESOURCE JOB 2;0.0;0.0;0.0;0.0;0.0;2.7017298878014344;34.80701951738911;20.381250594809458;0.0;0.0
RESOURCE JOB 3;22.201700000000002;22.620600000000003;27.22659628531911;4.6098037146808934;5.026799999999994;2.494500000000002;0.0;0.0;0.0;0.0
RESOURCE JOB 4;0.0;0.0;0.0;0.0;1.1555999999999997;0.31203580806864295;7.387956754517457;4.3260181447655945;2.918389292648307;0.0
