{"initial_solution": 0.0010816361755132675, "model_update": 4480.633352957666, "lp_solve": 1419.8029957152903}