{"initial_solution": 0.000828353688120842, "model_update": 2157.599234541878, "lp_solve": 600.6176816187799}