{"initial_solution": 0.0013080239295959473, "model_update": 3356.650942986831, "lp_solve": 896.4903362207115}