LABELS;S_3;S_0;C_3;S_1;S_2;C_0;S_4;C_1;C_4;C_2
JOB ID;3;0;3;1;2;0;4;1;4;2
EVENT TYPE;0;0;1;0;0;1;0;1;1;1
TIME;0.26;0.7399999999999989;1.3180464371497194;2.31;2.6900000000000004;3.0325233644859804;3.0600000000000005;4.164348730753224;5.122961868164352;5.786840923514411
RESOURCE JOB 0;0.0;6.185096877502008;10.613903122498003;4.0660000000000025;3.6649999999999876;0.0;0.0;0.0;0.0;0.0
RESOURCE JOB 1;0.0;1.4973385494465993e-10;0.0;18.262800000000013;16.461672897196195;1.3205271028038226;53.074999999850235;0.0;0.0;0.0
RESOURCE JOB 2;0.0;0.0;0.0;0.0;12.30686448598125;0.9872355140187494;19.999755514090523;34.44297002718184;23.853174458727636;0.0
RESOURCE JOB 3;35.971199999999904;43.3188000000001;0.0;0.0;0.0;0.0;0.0;0.0;0.0;0.0
RESOURCE JOB 4;0.0;0.0;0.0;0.0;0.0;0.0;37.36011756138153;32.42988243861848;0.0;0.0
