{"initial_solution": 0.0010902322828769684, "model_update": 7396.823900289834, "lp_solve": 2356.0755925662816}