{"initial_solution": 0.0017741439514793456, "model_update": 3111.986406992015, "lp_solve": 1219.8538279819768}