{"initial_solution": 0.0006469935178756714, "model_update": 1287.4665872603655, "lp_solve": 374.1519013848156}