{"initial_solution": 0.0010047610849142075, "model_update": 369.7777882888913, "lp_solve": 120.39978997036815}