{"initial_solution": 0.0009321682155132294, "model_update": 4099.5450870562345, "lp_solve": 1305.73841092363}