{"initial_solution": 0.0038785190554335713, "model_update": 14399.590857173782, "lp_solve": 8783.757463866961}