{"initial_solution": 0.001232203096151352, "model_update": 5468.48515900597, "lp_solve": 1732.6119885146618}