{"initial_solution": 0.001856836024671793, "model_update": 4748.667588202865, "lp_solve": 2141.176840822911}