{"initial_solution": 0.0018427502363920212, "model_update": 8264.14063277468, "lp_solve": 2568.048885596916}