{"initial_solution": 0.0006866790354251862, "model_update": 5904.004767231643, "lp_solve": 1652.5679527930915}