{"initial_solution": 0.0007879864424467087, "model_update": 508.4677188359201, "lp_solve": 164.38090851902962}