{"initial_solution": 0.00187204300891608, "model_update": 1140.574025326583, "lp_solve": 407.50238993472885}