{"initial_solution": 0.005374061060138047, "model_update": 1098.9400823792676, "lp_solve": 896.9920083247125}