{"initial_solution": 0.0011528357863426208, "model_update": 6834.2303753346205, "lp_solve": 2160.3054658118635}