{"initial_solution": 0.001979773980565369, "model_update": 2074.672575156612, "lp_solve": 766.517751684878}