{"initial_solution": 0.0038891369476914406, "model_update": 3077.064383815159, "lp_solve": 518.0162839818513}