{"initial_solution": 0.00036205723881721497, "model_update": 609.7285180538893, "lp_solve": 217.74730244651437}