{"initial_solution": 0.00040443800389766693, "model_update": 1255.3217919897288, "lp_solve": 453.41177410259843}