{"initial_solution": 0.001897816953714937, "model_update": 9.218965184991248, "lp_solve": 1.2295105241355486}