{"initial_solution": 0.002308688999619335, "model_update": 3697.421098984254, "lp_solve": 1648.2445346949971}