{"initial_solution": 0.0026714950799942017, "model_update": 7355.182159140706, "lp_solve": 2012.737315973267}