{"initial_solution": 0.0004765484482049942, "model_update": 239.1450325883925, "lp_solve": 83.7616166640073}