{"initial_solution": 0.0007247272878885269, "model_update": 1598.561920195818, "lp_solve": 440.7074863035232}