{"initial_solution": 0.0013937652111053467, "model_update": 9264.163355233148, "lp_solve": 2682.2667097765952}