{"initial_solution": 0.000413648784160614, "model_update": 1326.6809145472944, "lp_solve": 479.91089135594666}