{"initial_solution": 0.0031283580465242267, "model_update": 7128.534797145519, "lp_solve": 1529.7057908237912}