{"initial_solution": 0.0014008618891239166, "model_update": 13104.227039728314, "lp_solve": 3979.2716017067432}