{"initial_solution": 0.0012426003813743591, "model_update": 1707.2674474343657, "lp_solve": 509.4801869392395}