{"initial_solution": 0.00329944200348109, "model_update": 1778.4536767468671, "lp_solve": 696.8540093699703}