{"initial_solution": 0.00198043801356107, "model_update": 1145.1623001188855, "lp_solve": 408.1296293094056}