{"initial_solution": 0.0020432937890291214, "model_update": 5223.096780711785, "lp_solve": 1675.899576984346}