{"initial_solution": 0.0007528290152549744, "model_update": 4420.9449196811765, "lp_solve": 1227.0194379240274}