{"initial_solution": 0.0013172589242458344, "model_update": 4241.756919475272, "lp_solve": 1124.4248428288847}