{"initial_solution": 0.0038400820922106504, "model_update": 3386.427147271228, "lp_solve": 692.2529603702715}