LABELS;S_1;S_2;S_3;S_0;C_3;C_2;S_4;C_1;C_4;C_0
JOB ID;1;2;3;0;3;2;4;1;4;0
EVENT TYPE;0;0;0;0;1;1;0;1;1;1
TIME;0.0;0.0;0.05999999999999983;0.5899999999999997;1.0610432968179444;1.3470487470664354;1.75;2.227051177904142;2.770670216097714;3.0361045891141947
RESOURCE JOB 0;0.0;0.0;0.0;4.413675691184138;2.6798710688283585;3.7756532399875216;4.469969536961813;5.0937103878737435;2.4871200751644267;0.0
RESOURCE JOB 1;0.0;1.4771999999999896;13.048600000000057;11.597085967657799;7.041454185117857;9.920659847224371;11.744999999999976;0.0;0.0;0.0
RESOURCE JOB 2;0.0;3.874799999999989;29.79129999999992;22.063668022952534;18.470231977047547;0.0;0.0;0.0;0.0;0.0
RESOURCE JOB 3;0.0;0.0;10.160100000000007;9.029899999999994;0.0;0.0;0.0;0.0;0.0;0.0
RESOURCE JOB 4;0.0;0.0;0.0;0.0;0.0;0.0;15.23224411047925;17.357755889520753;0.0;0.0
