{"initial_solution": 0.002792202983982861, "model_update": 7790.536271457444, "lp_solve": 1323.2208595975535}