{"initial_solution": 0.003641229006461799, "model_update": 8767.508154386305, "lp_solve": 5718.99928386684}