{"initial_solution": 0.00042103976011276245, "model_update": 122.57816262729466, "lp_solve": 42.29560641385615}