{"initial_solution": 0.0029217349365353584, "model_update": 19310.448578302632, "lp_solve": 11309.0511070512}