{"initial_solution": 0.0018846988677978516, "model_update": 7681.267249153927, "lp_solve": 2408.0136426091194}