LABELS;S_3;S_2;S_0;S_1;S_4;C_1;C_0;C_3;C_4;C_2
JOB ID;3;2;0;1;4;1;0;3;4;2
EVENT TYPE;0;0;0;0;0;1;1;1;1;1
TIME;0.01;0.23999999999999888;0.2499999999999999;0.42;1.2;1.693657647553623;1.7151076083277925;2.9272382258802003;2.9832375668714075;3.124259259259258
RESOURCE JOB 0;0.0;0.0;9.504699999999943;43.60979999999999;22.47623269311626;1.1992673068838116;0.0;0.0;0.0;0.0
RESOURCE JOB 1;0.0;0.0;0.0;55.6374;35.212599999999995;0.0;0.0;0.0;0.0;0.0
RESOURCE JOB 2;0.0;0.10800000000001089;1.8359999999999885;8.424000000000001;5.331502593579131;0.23165957636103585;13.091010669566003;0.6047928827050377;1.5230342777887884;0.0
RESOURCE JOB 3;5.030099999999976;0.21870000000002326;3.7178999999999776;17.0586;10.796292751997768;0.469110642131092;26.509296605871157;0.0;0.0;0.0
RESOURCE JOB 4;0.0;0.0;0.0;0.0;24.914901472031403;1.0825795202723612;61.17623226787002;2.82628673982623;0.0;0.0
