{"initial_solution": 0.0012381896376609802, "model_update": 3068.9854347519577, "lp_solve": 940.6272687073797}