{"initial_solution": 0.0025982080260291696, "model_update": 15457.710586777888, "lp_solve": 3586.4930734209483}