{"initial_solution": 0.0004065614193677902, "model_update": 784.7792115081102, "lp_solve": 283.7484035156667}