{"initial_solution": 0.0004468001425266266, "model_update": 542.2157242391258, "lp_solve": 193.68610563501716}