{"initial_solution": 0.002152077970094979, "model_update": 1847.3970641425112, "lp_solve": 690.6457457141369}