LABELS;S_3;C_3;S_1;C_1;S_0;C_0;S_2;S_4;C_4;C_2
JOB ID;3;3;1;1;0;0;2;4;4;2
EVENT TYPE;0;1;0;1;0;1;0;0;1;1
TIME;0.0;3.5776;3.7399999990000006;6.562399999;6.562399999000002;10.263999998000003;10.263999998000003;10.263999998000003;13.069614033087722;13.621343308506084
RESOURCE JOB 0;0.0;0.0;0.0;0.0;92.54;0.0;0.0;0.0;0.0;0.0
RESOURCE JOB 1;0.0;0.0;70.56;0.0;0.0;0.0;0.0;0.0;0.0;0.0
RESOURCE JOB 2;0.0;0.0;0.0;0.0;0.0;0.0;0.0;29.992014045777708;5.8979859542222925;0.0
RESOURCE JOB 3;89.44;0.0;0.0;0.0;0.0;0.0;0.0;0.0;0.0;0.0
RESOURCE JOB 4;0.0;0.0;0.0;0.0;0.0;0.0;0.0;39.98;0.0;0.0
