{"initial_solution": 0.004373574978671968, "model_update": 14476.03996910574, "lp_solve": 6650.581149706501}