{"initial_solution": 0.0011037793010473251, "model_update": 6142.078680405393, "lp_solve": 1944.1338867880404}