{"initial_solution": 0.0007173120975494385, "model_update": 1995.3815267905593, "lp_solve": 553.3340239915997}