{"initial_solution": 0.0017539411783218384, "model_update": 9092.716841669753, "lp_solve": 2768.47126089409}