{"initial_solution": 0.0023159749689511955, "model_update": 2743.1727720941417, "lp_solve": 1036.0101304260315}