{"initial_solution": 0.002565619011875242, "model_update": 4262.442678646825, "lp_solve": 1573.0180587484501}