{"initial_solution": 0.0007128678262233734, "model_update": 1026.6029807198793, "lp_solve": 303.4366331528872}