{"initial_solution": 0.001217566430568695, "model_update": 14777.141951955855, "lp_solve": 4592.9223805796355}