{"initial_solution": 0.003894388908520341, "model_update": 11982.852629125584, "lp_solve": 6647.570781371323}