{"initial_solution": 0.003662638016976416, "model_update": 8928.117978087976, "lp_solve": 2056.897811860661}