{"initial_solution": 0.0007955487817525864, "model_update": 3589.872503494844, "lp_solve": 943.0920707061887}