{"initial_solution": 0.0013555865734815598, "model_update": 6295.422888498753, "lp_solve": 1659.02684462443}