{"initial_solution": 0.0012213997542858124, "model_update": 3852.000199969858, "lp_solve": 1017.1736740786582}