{"initial_solution": 0.0009439047425985336, "model_update": 2608.7440669089556, "lp_solve": 709.1292865741998}