{"initial_solution": 0.0013422518968582153, "model_update": 5096.160806134343, "lp_solve": 1333.8516021631658}