{"initial_solution": 0.0010413695126771927, "model_update": 3886.1723275799304, "lp_solve": 1223.8091423250735}