{"initial_solution": 0.0020400770008563995, "model_update": 1637.5778102748445, "lp_solve": 651.2013216236955}