{"initial_solution": 0.002395364979747683, "model_update": 4.566077112744097, "lp_solve": 0.6060585621744394}