{"initial_solution": 0.0013466961681842804, "model_update": 8913.824249643832, "lp_solve": 2540.625932374969}