{"initial_solution": 0.001882193610072136, "model_update": 3635.838929304853, "lp_solve": 1151.5415383987129}