{"initial_solution": 0.001066211611032486, "model_update": 883.5698822457343, "lp_solve": 267.61102762259543}