{"initial_solution": 0.00043910741806030273, "model_update": 1056.970424303785, "lp_solve": 386.4928128775209}