LABELS;S_1;S_3;C_1;S_4;S_2;C_4;S_0;C_3;C_2;C_0
JOB ID;1;3;1;4;2;4;0;3;2;0
EVENT TYPE;0;0;1;0;0;1;0;1;1;1
TIME;0.6;0.8200000000000003;1.8265685164212915;1.8265685164212915;3.3771913929784825;3.3771913929784825;3.561880341880342;3.561880341880342;5.800554488216577;7.303375390353193
RESOURCE JOB 0;0.0;0.0;0.0;0.0;0.0;0.0;21.670365736534734;0.0;53.079634263465266;0.0
RESOURCE JOB 1;10.999999999999986;44.44000000000001;0.0;0.0;0.0;0.0;0.0;0.0;0.0;0.0
RESOURCE JOB 2;0.0;0.0;0.0;0.0;7.446658419722979;0.0;90.26334158027701;0.0;0.0;0.0
RESOURCE JOB 3;0.0;5.888425821064556;0.0;9.071143827859569;1.0804303510758793;0.0;0.0;0.0;0.0;0.0
RESOURCE JOB 4;0.0;0.0;0.0;68.46;0.0;0.0;0.0;0.0;0.0;0.0
