{"initial_solution": 0.0013133808970451355, "model_update": 11596.056439755484, "lp_solve": 3454.6607279684395}