{"initial_solution": 0.00046772509813308716, "model_update": 591.9869483392686, "lp_solve": 211.0630844850093}