LABELS;S_1;S_2;S_3;C_1;S_0;C_3;S_4;C_2;C_0;C_4
JOB ID;1;2;3;1;0;3;4;2;0;4
EVENT TYPE;0;0;0;1;0;1;0;1;1;1
TIME;0.0;0.0;0.0;2.045383759733038;2.08;2.767246376811593;2.8299999999999996;2.858394160583941;3.75248520710059;4.009943388596844
RESOURCE JOB 0;0.0;0.0;0.0;0.0;23.228927536231836;2.121072463768101;0.959722627737321;30.220277372262743;0.0;0.0
RESOURCE JOB 1;0.0;91.94;0.0;0.0;0.0;0.0;0.0;0.0;0.0;0.0
RESOURCE JOB 2;0.0;42.03263626251395;0.0;0.7113637374860673;14.122913043478242;1.2895869565217595;0.5834999999999844;0.0;0.0;0.0
RESOURCE JOB 3;0.0;70.56573971078986;0.0;1.1942602892101917;23.70999999999995;0.0;0.0;0.0;0.0;0.0
RESOURCE JOB 4;0.0;0.0;0.0;0.0;0.0;0.0;0.7021875912408717;22.11087158035675;6.366940828402377;0.0
