{"initial_solution": 0.0008021313697099686, "model_update": 133.69083718024194, "lp_solve": 47.01934567838907}