{"initial_solution": 0.002306815003976226, "model_update": 2798.1646068778937, "lp_solve": 1031.6683884183294}