{"initial_solution": 0.0022220939863473177, "model_update": 1990.169314149185, "lp_solve": 910.3303385634208}