{"initial_solution": 0.0004533771425485611, "model_update": 193.31540674716234, "lp_solve": 67.02241613902152}