{"initial_solution": 0.0011734534054994583, "model_update": 6463.68990364857, "lp_solve": 2049.7743788957596}