{"initial_solution": 0.003292744979262352, "model_update": 972.2104753623717, "lp_solve": 337.8903737210203}