{"initial_solution": 0.0009194221347570419, "model_update": 3446.133305668831, "lp_solve": 892.195848332718}