{"initial_solution": 0.0028428719379007816, "model_update": 13691.29287984583, "lp_solve": 4062.4921756128315}