{"initial_solution": 0.0023462919634766877, "model_update": 2973.3121042450075, "lp_solve": 1177.205798124778}