{"initial_solution": 0.002597081009298563, "model_update": 12457.274790834053, "lp_solve": 2381.760773728136}