{"initial_solution": 0.0004170238971710205, "model_update": 56.5859646294266, "lp_solve": 19.790355637669563}