{"initial_solution": 0.0013215001672506332, "model_update": 9739.19593039155, "lp_solve": 2840.1879233643413}