{"initial_solution": 0.0008248370140790939, "model_update": 5158.8981253076345, "lp_solve": 1627.5761676747352}