LABELS;S_0;C_0;S_2;S_3;C_2;S_4;C_3;S_1;C_4;C_1
JOB ID;0;0;2;3;2;4;3;1;4;1
EVENT TYPE;0;1;0;0;1;0;1;0;1;1
TIME;0.0;1.8768;2.0;3.07;5.497408412483042;5.497408412483042;6.79318339100346;7.470000000000002;7.470000000000002;9.751879194630876
RESOURCE JOB 0;46.92;0.0;0.0;0.0;0.0;0.0;0.0;0.0;0.0;0.0
RESOURCE JOB 1;0.0;0.0;0.0;0.0;0.0;0.0;0.0;30.6;0.0;0.0
RESOURCE JOB 2;0.0;0.0;26.749999999999986;53.670000000000016;0.0;0.0;0.0;0.0;0.0;0.0
RESOURCE JOB 3;0.0;0.0;0.0;7.01521031207599;0.0;3.74478968792401;0.0;0.0;0.0;0.0
RESOURCE JOB 4;0.0;0.0;0.0;0.0;0.0;28.64958477508644;16.92041522491356;0.0;0.0;0.0
