{"initial_solution": 0.0010819192975759506, "model_update": 3600.084706261754, "lp_solve": 1129.056737313047}