{"initial_solution": 0.0012660641223192215, "model_update": 14005.473208200186, "lp_solve": 4307.73180373013}