{"initial_solution": 0.00042954832315444946, "model_update": 148.54974655248225, "lp_solve": 51.43953878059983}