{"initial_solution": 0.0011440422385931015, "model_update": 2397.754400672391, "lp_solve": 662.7657520454377}