{"initial_solution": 0.0025542479706928134, "model_update": 1043.6229166126577, "lp_solve": 370.280113861314}