{"initial_solution": 0.0007393062114715576, "model_update": 4098.740067824721, "lp_solve": 1114.1814834587276}