LABELS;S_3;S_1;C_3;S_0;C_1;S_2;C_2;C_0;S_4;C_4
JOB ID;3;1;3;0;1;2;2;0;4;4
EVENT TYPE;0;0;1;0;1;0;1;1;0;1
TIME;0.7499999999999999;1.85;2.1794205052005933;3.5577599999999996;3.5577599999999996;4.49;6.835345345345345;7.260159999999998;7.3100000000000005;11.2404
RESOURCE JOB 0;0.0;0.0;0.0;0.0;23.30600000000001;27.393633633633623;10.620366366366369;0.0;0.0;0.0
RESOURCE JOB 1;0.0;3.8015126300148347;34.458487369985164;0.0;0.0;0.0;0.0;0.0;0.0;0.0
RESOURCE JOB 2;0.0;0.0;0.0;0.0;0.0;31.24;0.0;0.0;0.0;0.0
RESOURCE JOB 3;14.806000000000004;4.433999999999997;0.0;0.0;0.0;0.0;0.0;0.0;0.0;0.0
RESOURCE JOB 4;0.0;0.0;0.0;0.0;0.0;0.0;0.0;0.0;98.26;0.0
