{"initial_solution": 0.001093721017241478, "model_update": 881.703894212842, "lp_solve": 267.31678223982453}