{"initial_solution": 0.0024520099977962673, "model_update": 5794.900537161564, "lp_solve": 2254.4590224829153}