{"initial_solution": 0.0016344282776117325, "model_update": 709.5336060319096, "lp_solve": 213.29424339160323}