{"initial_solution": 0.0004634317010641098, "model_update": 327.5206995420158, "lp_solve": 115.38636756315827}