{"initial_solution": 0.0007659699767827988, "model_update": 682.3114657048136, "lp_solve": 212.36291066743433}