{"initial_solution": 0.0014871098101139069, "model_update": 1853.2231626044959, "lp_solve": 653.3258944191039}