{"initial_solution": 0.00332795106805861, "model_update": 11859.176937343436, "lp_solve": 2593.039674227708}