{"initial_solution": 0.0007629264146089554, "model_update": 5677.870963497087, "lp_solve": 1594.353053882718}