{"initial_solution": 0.00399220606777817, "model_update": 9480.521861247486, "lp_solve": 6610.380746716168}