{"initial_solution": 0.004480427014641464, "model_update": 5243.152094342164, "lp_solve": 2339.736246274435}