{"initial_solution": 0.001271471381187439, "model_update": 12631.396822815761, "lp_solve": 3805.591892627999}