LABELS;S_3;S_0;S_1;S_4;C_3;S_2;C_0;C_1;C_4;C_2
JOB ID;3;0;1;4;3;2;0;1;4;2
EVENT TYPE;0;0;0;0;1;0;1;1;1;1
TIME;0.18000000000000005;0.3699999999999995;0.5299999999999987;0.7199999999999991;1.2631189392440125;1.3200000000000003;1.740025668735078;2.0268879668049777;2.413571428571428;2.760182210501079
RESOURCE JOB 0;0.0;4.94719999999999;5.736099999999894;8.793095626360568;1.7587623985751448;10.504841975064403;0.0;0.0;0.0;0.0
RESOURCE JOB 1;0.0;0.0;3.6631999999999962;10.471333148624579;1.0966668513754536;8.098094893212298;5.530705106787671;0.0;0.0;0.0
RESOURCE JOB 2;0.0;0.0;0.0;0.0;0.0;17.51927064293998;11.965026452495621;16.128567190278645;14.457135714285755;0.0
RESOURCE JOB 3;9.600699999999904;8.084799999999955;9.600700000000142;27.443799999999996;0.0;0.0;0.0;0.0;0.0;0.0
RESOURCE JOB 4;0.0;0.0;0.0;7.603665149416188;0.7963348505838286;5.880359362291084;4.016072172978596;5.413568464730304;0.0;0.0
