{"initial_solution": 0.0012010987848043442, "model_update": 6835.947407022119, "lp_solve": 2160.5997591093183}