{"initial_solution": 0.00039147213101387024, "model_update": 915.1360397394747, "lp_solve": 332.8018826600164}