{"initial_solution": 0.0008256938308477402, "model_update": 3732.657855289057, "lp_solve": 991.7830793298781}