{"initial_solution": 0.0014600474387407303, "model_update": 8370.790878510103, "lp_solve": 2359.850016091019}