{"initial_solution": 0.0026188179617747664, "model_update": 686.893670873018, "lp_solve": 291.0253247121}