{"initial_solution": 0.0017727669328451157, "model_update": 6252.131791396067, "lp_solve": 2011.5781349819154}