{"initial_solution": 0.0011148974299430847, "model_update": 4883.816934997216, "lp_solve": 1536.4252523370087}